<DATE>	<OPEN>	<HIGH>	<LOW>	<CLOSE>	<TICKVOL>	<VOL>	<SPREAD>
2023.01.02	1823.34	1823.34	1823.34	1823.34	1	0	42
2023.01.03	1826.77	1849.79	1823.58	1839.32	125359	0	38
2023.01.04	1836.98	1864.94	1835.00	1854.44	120960	0	19
2023.01.05	1854.10	1858.90	1824.91	1832.81	116952	0	38
2023.01.06	1829.81	1869.67	1829.81	1866.84	111168	0	42
2023.01.09	1867.20	1881.30	1866.13	1871.56	115281	0	38
2023.01.10	1870.64	1880.54	1867.66	1876.74	107809	0	38
2023.01.11	1876.36	1886.43	1866.95	1875.44	108985	0	38
2023.01.12	1874.82	1901.41	1868.70	1896.62	112857	0	40
2023.01.13	1894.67	1921.75	1892.14	1920.75	118116	0	42
2023.01.16	1920.25	1928.76	1910.69	1914.89	70386	0	33
2023.01.17	1914.95	1918.90	1903.62	1908.39	102783	0	40
2023.01.18	1907.68	1925.70	1896.43	1903.99	117046	0	39
2023.01.19	1904.02	1934.98	1900.79	1931.97	111312	0	40
2023.01.20	1931.39	1937.34	1920.51	1927.23	100443	0	42
2023.01.23	1925.73	1935.37	1911.20	1930.68	98077	0	42
2023.01.24	1930.55	1942.33	1916.96	1937.06	100267	0	42
2023.01.25	1936.94	1947.95	1919.68	1946.02	98503	0	42
2023.01.26	1946.66	1948.95	1918.48	1928.94	100214	0	38
2023.01.27	1928.46	1934.85	1916.51	1926.59	91472	0	42
2023.01.30	1927.40	1934.30	1920.46	1923.00	102880	0	35
2023.01.31	1921.87	1930.93	1900.65	1928.02	111489	0	39
2023.02.01	1927.98	1953.89	1920.42	1949.89	109944	0	42
2023.02.02	1950.29	1959.59	1911.14	1912.39	128283	0	38
2023.02.03	1911.18	1918.45	1861.23	1865.00	120147	0	42
2023.02.06	1864.59	1881.13	1859.74	1867.54	108469	0	22
2023.02.07	1867.12	1884.27	1864.91	1873.47	107255	0	22
2023.02.08	1871.94	1886.36	1869.00	1875.41	94604	0	22
2023.02.09	1874.91	1890.10	1858.83	1861.54	95107	0	24
2023.02.10	1860.50	1872.05	1852.69	1864.19	98267	0	24
2023.02.13	1864.90	1866.50	1850.37	1853.28	83306	0	24
2023.02.14	1852.51	1870.37	1843.20	1854.26	94946	0	22
2023.02.15	1853.81	1859.97	1830.46	1835.79	91879	0	22
2023.02.16	1835.57	1845.19	1827.52	1836.30	91203	0	24
2023.02.17	1836.15	1843.56	1818.79	1841.31	84211	0	24
2023.02.20	1840.57	1847.37	1837.20	1841.30	53803	0	24
2023.02.21	1841.29	1843.76	1830.16	1834.83	82180	0	24
2023.02.22	1834.23	1845.89	1823.46	1825.12	85648	0	24
2023.02.23	1824.76	1833.69	1817.37	1822.20	78497	0	24
2023.02.24	1821.63	1827.71	1808.85	1810.80	85088	0	24
2023.02.27	1810.80	1820.07	1806.52	1817.15	81889	0	20
2023.02.28	1816.50	1831.07	1804.51	1826.55	80828	0	24
2023.03.01	1826.27	1844.41	1822.96	1836.48	85980	0	24
2023.03.02	1836.35	1838.87	1829.92	1835.54	84411	0	23
2023.03.03	1835.49	1856.23	1835.41	1854.68	80321	0	23
2023.03.06	1854.11	1858.20	1845.04	1846.60	78894	0	24
2023.03.07	1846.43	1851.55	1812.65	1813.08	88796	0	24
2023.03.08	1813.19	1824.20	1809.34	1813.65	80829	0	23
2023.03.09	1814.09	1835.59	1811.91	1830.70	79568	0	22
2023.03.10	1830.43	1869.96	1827.68	1869.68	108715	0	24
2023.03.13	1871.95	1914.56	1871.43	1913.44	152786	0	24
2023.03.14	1913.28	1914.08	1895.33	1903.81	119686	0	24
2023.03.15	1903.12	1937.24	1885.66	1918.05	128758	0	24
2023.03.16	1917.42	1933.31	1907.45	1919.30	125224	0	24
2023.03.17	1920.34	1989.11	1918.21	1988.89	117869	0	24
2023.03.20	1984.25	2009.70	1965.75	1978.57	138772	0	24
2023.03.21	1978.05	1985.11	1935.36	1940.34	102801	0	22
2023.03.22	1939.55	1978.67	1934.18	1969.63	108188	0	24
2023.03.23	1969.89	2003.23	1964.46	1993.66	123844	0	22
2023.03.24	1993.12	2002.89	1975.06	1978.42	122746	0	22
2023.03.27	1979.33	1979.86	1943.96	1956.37	103273	0	24
2023.03.28	1955.46	1975.20	1949.10	1973.49	94775	0	24
2023.03.29	1972.84	1974.34	1958.58	1964.26	83061	0	21
2023.03.30	1963.25	1984.20	1955.29	1980.12	87475	0	24
2023.03.31	1979.66	1987.55	1966.78	1970.21	91458	0	24
2023.04.03	1972.11	1990.41	1949.69	1984.30	104496	0	24
2023.04.04	1983.70	2024.90	1976.88	2020.42	96601	0	24
2023.04.05	2020.00	2031.98	2009.91	2020.63	93276	0	24
2023.04.06	2020.51	2021.32	2000.78	2007.16	90010	0	24
2023.04.10	1992.86	2006.46	1981.60	1991.12	83088	0	22
2023.04.11	1991.06	2007.38	1988.77	2003.43	78859	0	22
2023.04.12	2003.05	2028.25	2001.12	2014.69	91884	0	24
2023.04.13	2014.32	2048.60	2013.59	2040.02	89332	0	24
2023.04.14	2039.86	2047.34	1992.31	2005.00	105088	0	24
2023.04.17	1999.96	2014.99	1981.10	1995.01	97418	0	24
2023.04.18	1994.80	2011.78	1991.17	2005.13	92402	0	22
2023.04.19	2004.54	2008.11	1969.15	1994.61	105702	0	22
2023.04.20	1994.40	2012.28	1990.44	2004.64	100684	0	22
2023.04.21	2003.97	2005.46	1971.54	1982.67	98135	0	22
2023.04.24	1980.37	1990.78	1974.04	1988.94	98157	0	22
2023.04.25	1988.69	2003.75	1976.04	1996.98	111318	0	24
2023.04.26	1997.05	2009.25	1983.33	1989.22	117288	0	24
2023.04.27	1988.86	2003.16	1974.13	1987.67	110493	0	22
2023.04.28	1987.49	1994.91	1976.19	1989.20	112784	0	24
2023.05.01	1991.06	2005.92	1976.96	1982.36	89381	0	24
2023.05.02	1981.16	2019.31	1978.40	2016.50	104722	0	24
2023.05.03	2016.31	2040.29	2006.86	2038.46	103336	0	17
2023.05.04	2042.66	2078.20	2030.32	2050.08	133610	0	22
2023.05.05	2049.11	2052.89	1999.40	2017.78	110443	0	24
2023.05.08	2016.02	2029.28	2014.15	2021.31	88110	0	24
2023.05.09	2020.44	2037.52	2019.49	2034.34	87091	0	24
2023.05.10	2033.90	2048.10	2021.42	2030.01	109341	0	24
2023.05.11	2029.45	2041.23	2011.09	2014.90	111736	0	24
2023.05.12	2014.40	2022.43	2000.80	2010.73	95389	0	24
2023.05.15	2007.88	2022.04	2007.03	2016.27	81140	0	24
2023.05.16	2015.09	2018.18	1985.39	1988.77	98656	0	24
2023.05.17	1988.35	1992.89	1974.94	1981.44	91996	0	24
2023.05.18	1981.38	1985.86	1951.88	1957.33	93533	0	24
2023.05.19	1957.28	1984.08	1953.96	1976.15	91714	0	24
2023.05.22	1976.85	1982.49	1968.82	1971.57	93582	0	24
2023.05.23	1971.23	1977.61	1954.16	1974.85	109761	0	24
2023.05.24	1974.64	1985.18	1956.62	1957.17	99499	0	24
2023.05.25	1956.30	1964.71	1938.80	1940.66	104323	0	24
2023.05.26	1940.51	1957.17	1936.60	1947.14	91421	0	24
2023.05.29	1942.05	1949.65	1940.16	1942.87	54205	0	24
2023.05.30	1944.03	1963.44	1931.91	1959.27	99276	0	24
2023.05.31	1958.27	1974.70	1953.57	1962.56	98554	0	24
2023.06.01	1962.19	1983.01	1953.29	1977.40	100352	0	24
2023.06.02	1976.31	1983.32	1948.00	1948.64	96072	0	24
2023.06.05	1946.48	1963.93	1938.06	1961.69	91797	0	24
2023.06.06	1960.60	1966.28	1954.30	1963.20	90165	0	24
2023.06.07	1963.35	1970.10	1939.77	1939.84	100689	0	24
2023.06.08	1940.31	1970.40	1939.50	1965.49	96883	0	24
2023.06.09	1965.67	1972.99	1956.54	1959.86	86225	0	24
2023.06.12	1960.19	1966.90	1949.12	1957.36	89401	0	24
2023.06.13	1957.09	1970.66	1939.93	1943.38	91836	0	24
2023.06.14	1942.78	1960.16	1939.58	1941.74	90425	0	24
2023.06.15	1942.16	1960.19	1924.59	1957.89	105307	0	24
2023.06.16	1957.49	1967.83	1953.19	1955.66	92981	0	24
2023.06.19	1955.44	1958.60	1947.70	1950.23	58737	0	24
2023.06.20	1950.37	1956.69	1929.70	1936.09	93453	0	24
2023.06.21	1935.79	1939.36	1919.11	1932.49	93451	0	24
2023.06.22	1932.19	1934.86	1912.28	1913.58	82455	0	24
2023.06.23	1913.67	1937.20	1909.93	1919.18	84832	0	24
2023.06.26	1926.05	1933.26	1921.44	1922.97	84756	0	24
2023.06.27	1922.76	1930.59	1910.86	1913.51	82875	0	24
2023.06.28	1913.38	1917.10	1902.69	1907.21	79477	0	24
2023.06.29	1907.22	1912.94	1892.83	1908.09	88090	0	24
2023.06.30	1907.50	1922.67	1900.44	1920.02	87882	0	24
2023.07.03	1918.99	1930.92	1909.97	1921.36	78173	0	24
2023.07.04	1920.60	1930.64	1919.77	1925.73	51940	0	24
2023.07.05	1925.76	1935.01	1914.62	1915.05	88672	0	17
2023.07.06	1914.40	1927.60	1902.48	1910.71	94233	0	24
2023.07.07	1910.17	1934.79	1909.38	1925.13	89918	0	24
2023.07.10	1924.26	1928.10	1912.50	1925.13	80788	0	24
2023.07.11	1924.75	1938.46	1924.29	1932.09	80572	0	19
2023.07.12	1932.18	1959.63	1932.07	1957.20	90196	0	24
2023.07.13	1954.87	1963.48	1952.29	1960.25	89944	0	24
2023.07.14	1960.03	1963.71	1950.93	1954.63	93326	0	24
2023.07.17	1953.83	1959.83	1945.67	1954.80	84934	0	24
2023.07.18	1953.80	1984.33	1953.77	1978.70	99555	0	24
2023.07.19	1978.53	1980.91	1969.74	1976.80	91626	0	24
2023.07.20	1976.62	1987.40	1965.17	1969.33	98330	0	24
2023.07.21	1970.01	1973.64	1956.65	1962.21	91252	0	24
2023.07.24	1960.36	1967.87	1953.30	1954.64	91029	0	24
2023.07.25	1954.53	1965.66	1951.23	1964.80	90001	0	20
2023.07.26	1964.29	1978.29	1961.95	1972.03	90313	0	24
2023.07.27	1970.72	1982.11	1942.41	1945.38	95746	0	24
2023.07.28	1945.58	1963.50	1945.26	1959.45	95964	0	24
2023.07.31	1959.06	1972.37	1951.00	1965.36	84248	0	24
2023.08.01	1965.27	1965.95	1941.10	1943.92	85033	0	23
2023.08.02	1951.25	1954.63	1932.82	1934.68	84688	0	24
2023.08.03	1933.67	1938.76	1929.36	1933.96	83824	0	18
2023.08.04	1933.44	1946.80	1922.97	1940.95	81777	0	24
2023.08.07	1942.21	1946.49	1931.32	1936.44	70043	0	24
2023.08.08	1936.01	1937.87	1922.64	1925.00	78379	0	24
2023.08.09	1924.43	1932.17	1913.84	1914.63	70217	0	24
2023.08.10	1914.63	1929.94	1911.95	1912.20	84390	0	24
2023.08.11	1911.76	1920.82	1910.67	1913.42	69505	0	24
2023.08.14	1912.96	1916.06	1902.54	1907.26	82375	0	23
2023.08.15	1907.02	1911.45	1896.22	1901.79	88251	0	23
2023.08.16	1900.97	1907.04	1891.62	1891.81	77317	0	24
2023.08.17	1891.80	1903.43	1884.89	1889.15	82519	0	24
2023.08.18	1889.18	1896.69	1886.61	1889.38	68505	0	24
2023.08.21	1888.57	1898.77	1884.61	1894.56	77536	0	24
2023.08.22	1894.28	1904.41	1888.96	1897.27	73479	0	24
2023.08.23	1897.20	1920.34	1896.91	1915.28	74192	0	24
2023.08.24	1915.89	1923.36	1911.72	1916.62	73279	0	24
2023.08.25	1916.91	1922.27	1903.60	1913.77	70110	0	21
2023.08.28	1915.72	1926.05	1912.62	1920.06	60545	0	24
2023.08.29	1919.51	1938.11	1914.28	1937.21	68298	0	20
2023.08.30	1937.11	1949.02	1934.94	1942.27	70072	0	24
2023.08.31	1942.43	1947.83	1939.04	1940.04	64752	0	18
2023.09.01	1939.29	1952.85	1934.45	1940.42	67728	0	17
2023.09.04	1939.68	1946.25	1936.78	1938.36	42578	0	18
2023.09.05	1937.64	1938.83	1925.19	1925.88	68137	0	20
2023.09.06	1925.30	1929.02	1915.13	1916.33	65990	0	23
2023.09.07	1916.29	1923.50	1916.10	1919.50	58867	0	15
2023.09.08	1919.08	1929.53	1917.19	1918.94	57303	0	24
2023.09.11	1919.40	1930.68	1916.61	1922.16	66522	0	15
2023.09.12	1921.62	1924.33	1907.42	1913.26	61941	0	15
2023.09.13	1911.78	1915.56	1905.37	1908.02	66400	0	23
2023.09.14	1908.49	1912.70	1900.88	1910.36	75733	0	21
2023.09.15	1910.66	1930.40	1909.62	1922.56	71468	0	24
2023.09.18	1923.73	1934.02	1922.43	1933.50	63044	0	24
2023.09.19	1933.97	1937.36	1929.74	1931.37	52542	0	24
2023.09.20	1932.27	1947.43	1927.91	1930.21	72122	0	24
2023.09.21	1931.03	1931.36	1913.78	1919.92	82023	0	24
2023.09.22	1919.11	1929.11	1919.09	1925.48	77119	0	24
2023.09.25	1924.43	1927.11	1915.00	1915.74	72781	0	22
2023.09.26	1914.16	1916.58	1898.96	1900.52	75349	0	25
2023.09.27	1900.16	1903.84	1872.37	1874.81	81418	0	28
2023.09.28	1875.45	1879.44	1857.52	1864.66	91072	0	27
2023.09.29	1864.77	1879.69	1846.14	1848.21	93211	0	28
2023.10.02	1847.60	1848.70	1826.98	1827.59	93049	0	26
2023.10.03	1828.22	1833.20	1815.03	1822.81	104241	0	28
2023.10.04	1821.93	1830.40	1816.47	1821.01	102010	0	28
2023.10.05	1821.93	1829.00	1812.87	1820.02	83062	0	28
2023.10.06	1819.64	1834.68	1810.25	1829.31	82764	0	28
2023.10.09	1846.22	1863.42	1844.02	1861.13	80243	0	21
2023.10.10	1861.06	1865.28	1852.78	1860.27	91107	0	30
2023.10.11	1859.07	1877.18	1858.34	1874.12	83163	0	30
2023.10.12	1874.52	1885.04	1867.70	1868.59	81093	0	30
2023.10.13	1867.96	1930.75	1867.96	1928.29	93358	0	30
2023.10.16	1927.94	1930.28	1908.18	1920.11	91120	0	30
2023.10.17	1919.62	1931.58	1912.38	1923.02	84793	0	30
2023.10.18	1923.45	1962.59	1923.20	1947.56	100635	0	30
2023.10.19	1947.14	1977.66	1945.15	1974.28	99946	0	30
2023.10.20	1974.88	1997.14	1971.92	1980.31	110460	0	21
2023.10.23	1974.99	1982.82	1961.75	1972.59	101190	0	30
2023.10.24	1972.04	1980.81	1953.38	1970.86	97618	0	30
2023.10.25	1971.13	1987.23	1963.10	1979.45	94725	0	30
2023.10.26	1980.51	1993.46	1971.62	1984.87	101373	0	30
2023.10.27	1984.04	2009.31	1976.81	2005.67	101699	0	21
2023.10.30	2002.47	2006.70	1990.95	1996.10	102170	0	30
2023.10.31	1995.20	2007.91	1978.64	1983.70	97957	0	30
2023.11.01	1983.17	1991.79	1969.59	1982.49	94980	0	30
2023.11.02	1981.98	1990.98	1978.78	1985.62	80932	0	30
2023.11.03	1985.12	2004.06	1983.18	1992.53	87246	0	30
2023.11.06	1991.05	1993.06	1977.14	1977.66	80318	0	30
2023.11.07	1977.02	1978.08	1956.45	1968.97	85154	0	30
2023.11.08	1968.46	1970.78	1947.22	1950.05	87839	0	30
2023.11.09	1949.27	1965.58	1944.26	1958.34	90494	0	30
2023.11.10	1958.08	1960.70	1932.79	1937.58	93023	0	21
2023.11.13	1938.15	1949.17	1917.43	1946.09	81520	0	30
2023.11.14	1945.97	1970.90	1937.09	1962.97	82239	0	30
2023.11.15	1962.42	1975.12	1955.42	1959.20	89961	0	30
2023.11.16	1959.44	1987.96	1956.43	1981.15	84091	0	30
2023.11.17	1980.89	1993.39	1978.58	1980.21	88435	0	22
2023.11.20	1978.15	1985.14	1965.24	1977.49	99427	0	30
2023.11.21	1977.18	2007.53	1977.18	1998.10	100261	0	30
2023.11.22	1998.50	2006.30	1986.88	1989.66	95037	0	30
2023.11.23	1989.10	1998.48	1989.10	1992.70	49439	0	21
2023.11.24	1992.52	2003.58	1991.44	2002.25	64213	0	30
2023.11.27	2001.41	2018.08	2000.44	2014.17	87910	0	30
2023.11.28	2014.09	2043.06	2011.70	2040.89	82654	0	30
2023.11.29	2040.79	2052.16	2035.41	2044.10	94844	0	30
2023.11.30	2045.11	2047.13	2031.07	2035.99	89358	0	30
2023.12.01	2036.83	2075.47	2033.92	2071.42	98730	0	21
2023.12.04	2072.35	2149.70	2020.17	2028.88	123277	0	21
2023.12.05	2029.22	2041.20	2009.92	2019.35	105408	0	30
2023.12.06	2018.51	2035.92	2017.22	2025.12	94784	0	30
2023.12.07	2025.96	2039.91	2020.21	2028.53	99031	0	30
2023.12.08	2028.48	2033.95	1994.63	2003.92	102299	0	21
2023.12.11	2004.42	2007.56	1975.77	1981.48	92662	0	30
2023.12.12	1981.81	1996.67	1977.16	1979.23	86525	0	30
2023.12.13	1978.94	2027.82	1972.97	2027.31	91873	0	30
2023.12.14	2024.35	2047.90	2024.35	2036.00	121546	0	30
2023.12.15	2036.00	2044.89	2015.65	2018.45	99366	0	0
2023.12.18	2019.82	2033.72	2015.95	2027.11	85836	0	30
2023.12.19	2027.39	2046.89	2021.63	2040.08	83868	0	30
2023.12.20	2040.36	2043.41	2027.42	2031.11	85932	0	30
2023.12.21	2031.95	2045.95	2031.44	2045.57	81990	0	30
2023.12.22	2048.07	2070.55	2046.39	2053.05	93568	0	21
2023.12.26	2055.07	2069.04	2053.39	2067.42	61373	0	30
2023.12.27	2068.05	2084.41	2061.51	2077.37	82302	0	30
2023.12.28	2077.51	2088.46	2064.55	2065.15	90320	0	30
2023.12.29	2066.09	2074.81	2058.17	2062.50	86733	0	21
2024.01.02	2064.45	2078.82	2055.94	2058.76	85579	0	30
2024.01.03	2058.79	2065.90	2030.43	2041.16	104295	0	30
2024.01.04	2041.90	2050.97	2036.19	2043.17	88345	0	30
2024.01.05	2043.55	2063.92	2024.52	2045.18	105522	0	21
2024.01.08	2043.76	2046.55	2016.53	2028.03	95118	0	30
2024.01.09	2027.96	2041.97	2026.03	2030.12	89465	0	30
2024.01.10	2030.17	2040.29	2020.20	2024.17	91838	0	30
2024.01.11	2024.66	2039.55	2013.08	2028.31	105539	0	30
2024.01.12	2028.95	2062.19	2028.47	2048.76	101142	0	21
2024.01.15	2048.85	2058.56	2045.82	2054.59	58662	0	30
2024.01.16	2055.30	2055.46	2024.03	2028.02	106588	0	30
2024.01.17	2027.25	2032.73	2001.59	2006.01	92151	0	30
2024.01.18	2006.46	2023.23	2005.63	2022.80	92625	0	30
2024.01.19	2024.52	2039.29	2020.35	2029.35	90726	0	21
2024.01.22	2029.72	2032.10	2016.58	2021.46	95331	0	30
2024.01.23	2021.45	2037.88	2019.54	2029.02	87301	0	30
2024.01.24	2028.71	2036.64	2011.12	2013.31	96087	0	30
2024.01.25	2014.38	2025.23	2009.83	2020.51	92038	0	30
2024.01.26	2019.95	2026.72	2015.91	2018.17	71234	0	22
2024.01.29	2024.33	2037.54	2019.08	2032.60	76628	0	30
2024.01.30	2032.45	2048.59	2029.05	2036.77	88756	0	30
2024.01.31	2036.92	2055.98	2030.84	2039.20	101462	0	30
2024.02.01	2039.80	2065.40	2029.81	2054.81	100409	0	30
2024.02.02	2054.39	2057.59	2027.65	2039.46	93484	0	21
2024.02.05	2038.60	2041.98	2014.65	2024.87	105525	0	30
2024.02.06	2024.59	2038.83	2022.64	2035.76	88476	0	30
2024.02.07	2035.46	2044.51	2030.54	2035.00	83165	0	30
2024.02.08	2034.69	2038.63	2019.99	2034.30	86768	0	30
2024.02.09	2034.04	2037.16	2020.05	2023.78	71904	0	22
2024.02.12	2024.77	2027.35	2011.71	2019.75	71903	0	30
2024.02.13	2019.50	2029.83	1989.96	1992.72	79592	0	30
2024.02.14	1992.76	1995.86	1984.02	1991.99	76002	0	30
2024.02.15	1991.99	2008.20	1989.97	2004.13	74750	0	30
2024.02.16	2004.15	2015.12	1995.08	2013.61	79047	0	23
2024.02.19	2012.81	2022.91	2011.93	2017.74	49570	0	30
2024.02.20	2017.99	2030.81	2014.98	2024.13	74673	0	30
2024.02.21	2024.05	2032.20	2020.06	2025.86	79920	0	30
2024.02.22	2024.94	2034.78	2019.41	2024.19	80803	0	30
2024.02.23	2023.87	2041.31	2015.81	2035.83	82391	0	21
2024.02.26	2032.15	2037.04	2025.03	2031.04	80324	0	30
2024.02.27	2030.83	2039.44	2028.71	2030.25	69982	0	30
2024.02.28	2030.27	2037.66	2024.24	2034.30	69331	0	30
2024.02.29	2034.20	2050.62	2027.89	2044.11	74154	0	30
2024.03.01	2043.87	2088.30	2039.04	2083.45	85415	0	21
2024.03.04	2082.15	2119.84	2079.47	2114.28	93159	0	30
2024.03.05	2114.25	2141.73	2110.40	2127.84	101434	0	30
2024.03.06	2128.00	2152.18	2123.63	2147.92	101938	0	30
2024.03.07	2147.92	2164.71	2144.25	2159.82	107364	0	30
2024.03.08	2158.99	2195.06	2154.02	2178.75	109054	0	24
2024.03.11	2179.59	2188.99	2174.75	2182.56	98892	0	30
2024.03.12	2182.17	2184.66	2150.48	2158.14	105902	0	30
2024.03.13	2158.33	2179.83	2155.77	2174.23	94523	0	30
2024.03.14	2174.31	2176.91	2152.75	2162.06	73945	0	30
2024.03.15	2162.14	2172.75	2155.18	2155.61	85538	0	30
2024.03.18	2154.67	2163.61	2146.05	2160.23	94257	0	30
2024.03.19	2159.47	2162.77	2147.17	2157.48	95633	0	30
2024.03.20	2157.32	2188.77	2149.59	2186.24	100314	0	30
2024.03.21	2186.63	2222.50	2166.42	2181.23	128088	0	30
2024.03.22	2181.11	2186.02	2157.04	2165.07	116575	0	30
2024.03.25	2165.18	2181.31	2163.53	2171.74	108702	0	30
2024.03.26	2171.53	2200.05	2167.59	2178.62	77881	0	30
2024.03.27	2177.35	2197.53	2173.20	2194.88	95407	0	30
2024.03.28	2191.49	2236.17	2187.34	2232.79	125870	0	30
2024.04.01	2243.53	2265.65	2228.53	2251.19	134042	0	30
2024.04.02	2249.71	2281.16	2246.55	2280.42	131946	0	30
2024.04.03	2279.89	2301.12	2265.48	2299.53	136898	0	30
2024.04.04	2298.61	2305.56	2280.04	2290.85	105204	0	30
2024.04.05	2290.40	2330.32	2267.78	2328.32	128362	0	21
2024.04.08	2322.85	2353.96	2302.93	2338.72	155675	0	30
2024.04.09	2338.31	2365.32	2336.76	2352.10	148837	0	30
2024.04.10	2352.59	2359.96	2319.21	2333.41	142095	0	30
2024.04.11	2333.25	2377.69	2325.66	2372.31	141852	0	30
2024.04.12	2372.57	2431.50	2333.88	2344.78	172105	0	21
2024.04.15	2355.85	2387.34	2324.16	2383.01	156538	0	30
2024.04.16	2381.83	2398.01	2362.80	2382.59	153099	0	30
2024.04.17	2381.45	2395.37	2354.37	2361.03	137029	0	30
2024.04.18	2362.83	2392.72	2362.83	2378.72	118873	0	30
2024.04.19	2378.32	2417.86	2372.85	2390.68	144911	0	21
2024.04.22	2387.74	2388.60	2324.77	2326.97	133013	0	30
2024.04.23	2326.52	2334.17	2291.29	2322.01	143040	0	30
2024.04.24	2322.01	2337.26	2311.78	2315.84	118903	0	30
2024.04.25	2315.53	2344.61	2305.07	2332.27	117543	0	30
2024.04.26	2332.27	2352.36	2326.00	2337.28	107398	0	21
2024.04.29	2336.40	2346.68	2319.76	2335.27	123547	0	30
2024.04.30	2334.89	2336.23	2284.72	2286.20	118291	0	30
2024.05.01	2286.61	2328.25	2281.42	2319.37	114428	0	30
2024.05.02	2321.05	2326.42	2285.32	2303.42	115205	0	30
2024.05.03	2303.62	2320.39	2277.08	2301.59	117883	0	23
2024.05.06	2303.00	2332.01	2291.64	2323.76	126995	0	30
2024.05.07	2324.25	2329.97	2309.79	2313.73	108725	0	30
2024.05.08	2313.26	2321.40	2303.53	2308.83	118206	0	30
2024.05.09	2308.11	2347.19	2306.55	2345.94	114030	0	30
2024.05.10	2346.25	2378.45	2345.19	2360.77	127013	0	21
2024.05.13	2361.38	2364.55	2331.60	2335.91	120089	0	30
2024.05.14	2335.32	2359.60	2334.68	2357.83	118677	0	30
2024.05.15	2357.47	2390.26	2351.86	2385.66	128010	0	30
2024.05.16	2385.59	2397.32	2370.77	2376.57	129136	0	30
2024.05.17	2376.71	2422.70	2373.78	2414.32	126801	0	21
2024.05.20	2418.75	2450.04	2407.17	2426.05	174519	0	30
2024.05.21	2426.47	2433.92	2406.31	2420.70	147048	0	30
2024.05.22	2420.53	2426.57	2374.80	2378.36	143022	0	30
2024.05.23	2378.43	2383.46	2326.65	2328.48	138969	0	30
2024.05.24	2328.70	2347.17	2325.27	2333.61	114961	0	29
2024.05.27	2335.44	2358.50	2332.08	2350.23	83434	0	30
2024.05.28	2351.49	2364.13	2340.07	2361.12	114014	0	30
2024.05.29	2360.86	2362.42	2334.36	2338.04	126065	0	30
2024.05.30	2337.63	2351.81	2322.43	2342.83	132101	0	30
2024.05.31	2344.12	2359.76	2320.34	2327.28	127871	0	28
2024.06.03	2328.41	2354.70	2314.54	2350.36	125951	0	30
2024.06.04	2351.42	2352.82	2315.41	2326.68	123605	0	30
2024.06.05	2326.62	2357.35	2325.68	2355.00	122081	0	30
2024.06.06	2355.30	2378.47	2353.26	2375.56	120745	0	30
2024.06.07	2376.29	2387.67	2286.60	2292.65	145356	0	21
2024.06.10	2294.51	2313.53	2287.54	2310.76	92477	0	21
2024.06.11	2312.14	2319.89	2297.52	2316.59	125149	0	30
2024.06.12	2316.13	2341.60	2310.56	2324.74	120314	0	30
2024.06.13	2324.08	2326.50	2295.34	2303.76	119295	0	30
2024.06.14	2302.80	2336.35	2301.39	2332.57	113505	0	25
2024.06.17	2331.49	2332.96	2309.79	2318.96	106616	0	8
2024.06.18	2319.67	2333.08	2306.38	2329.27	108135	0	30
2024.06.19	2329.63	2335.02	2323.74	2328.01	72467	0	30
2024.06.20	2329.23	2365.44	2327.79	2359.91	111381	0	30
2024.06.21	2360.34	2368.71	2316.48	2321.05	120520	0	29
2024.06.24	2321.29	2334.65	2317.50	2334.18	122023	0	30
2024.06.25	2333.77	2337.11	2315.32	2319.37	108927	0	30
2024.06.26	2318.72	2323.76	2293.41	2297.96	128641	0	30
2024.06.27	2298.05	2330.91	2296.32	2327.34	111097	0	30
2024.06.28	2327.77	2339.73	2319.04	2326.17	109005	0	29
2024.07.01	2326.15	2338.50	2318.50	2331.61	113832	0	30
2024.07.02	2331.79	2336.79	2318.97	2329.21	105803	0	30
2024.07.03	2329.88	2364.89	2326.85	2356.02	110804	0	30
2024.07.04	2356.38	2362.56	2350.38	2356.43	65050	0	30
2024.07.05	2356.90	2392.90	2351.93	2390.85	118667	0	21
2024.07.08	2386.25	2391.12	2350.75	2359.00	114827	0	30
2024.07.09	2359.10	2371.49	2349.28	2363.59	115709	0	30
2024.07.10	2363.83	2386.59	2362.92	2371.26	105724	0	30
2024.07.11	2371.25	2424.52	2371.13	2415.21	121907	0	30
2024.07.12	2414.01	2418.22	2391.43	2411.47	132492	0	21
2024.07.15	2411.66	2439.72	2401.31	2422.20	132326	0	30
2024.07.16	2421.34	2469.64	2419.98	2468.68	138897	0	30
2024.07.17	2468.19	2483.72	2451.46	2458.59	166510	0	30
2024.07.18	2459.84	2474.90	2440.05	2444.91	137607	0	30
2024.07.19	2444.82	2445.00	2393.61	2400.03	144919	0	21
2024.07.22	2401.37	2411.95	2383.71	2396.13	130395	0	30
2024.07.23	2396.60	2412.01	2388.06	2409.52	137829	0	30
2024.07.24	2408.15	2432.02	2396.55	2397.08	146708	0	30
2024.07.25	2397.44	2401.00	2352.81	2364.23	165793	0	30
2024.07.26	2363.65	2390.56	2355.58	2387.81	133007	0	21
2024.07.29	2386.57	2402.90	2369.44	2383.40	136973	0	30
2024.07.30	2383.20	2412.80	2376.37	2410.61	140103	0	30
2024.07.31	2410.24	2450.95	2403.96	2447.22	141882	0	30
2024.08.01	2448.43	2462.19	2430.00	2446.20	154831	0	30
2024.08.02	2445.66	2477.57	2410.83	2441.14	161695	0	21
2024.08.05	2443.99	2458.62	2363.96	2409.53	193057	0	30
2024.08.06	2409.59	2418.13	2381.50	2389.69	157346	0	30
2024.08.07	2389.95	2406.84	2378.83	2382.94	125963	0	30
2024.08.08	2381.99	2427.58	2380.39	2426.99	130750	0	30
2024.08.09	2426.63	2437.00	2416.86	2430.86	128608	0	21
2024.08.12	2428.63	2472.92	2423.76	2471.92	117553	0	30
2024.08.13	2470.73	2477.00	2458.49	2464.85	121014	0	30
2024.08.14	2465.86	2479.96	2438.10	2447.81	130439	0	30
2024.08.15	2447.24	2470.03	2432.13	2456.17	116745	0	30
2024.08.16	2455.35	2509.70	2450.78	2507.00	124258	0	21
2024.08.19	2508.50	2509.48	2485.68	2504.12	131873	0	30
2024.08.20	2502.79	2531.69	2497.32	2513.91	134051	0	30
2024.08.21	2513.45	2519.92	2493.33	2512.12	122786	0	30
2024.08.22	2511.01	2514.68	2470.60	2484.64	124001	0	30
2024.08.23	2483.48	2518.25	2483.41	2511.77	124285	0	21
2024.08.26	2511.20	2526.75	2508.70	2517.83	119131	0	30
2024.08.27	2517.51	2525.95	2503.51	2524.33	117589	0	30
2024.08.28	2524.23	2529.11	2493.66	2504.49	128052	0	30
2024.08.29	2503.95	2528.47	2503.41	2520.88	114482	0	30
2024.08.30	2520.57	2526.84	2493.87	2503.23	116230	0	21
2024.09.02	2502.31	2507.09	2489.85	2498.10	77869	0	30
2024.09.03	2499.48	2506.23	2473.43	2492.71	134018	0	30
2024.09.04	2491.69	2500.28	2471.66	2495.30	116459	0	30
2024.09.05	2494.90	2523.50	2493.81	2516.44	114601	0	30
2024.09.06	2516.03	2529.19	2484.54	2496.66	133693	0	21
2024.09.09	2496.69	2507.10	2485.35	2506.13	131870	0	30
2024.09.10	2505.17	2518.42	2500.13	2516.44	115805	0	30
2024.09.11	2515.27	2528.95	2500.85	2511.25	129531	0	30
2024.09.12	2512.36	2560.08	2511.02	2558.53	127383	0	30
2024.09.13	2557.50	2586.09	2556.72	2579.43	134772	0	21
2024.09.16	2579.26	2589.61	2575.31	2582.21	113261	0	30
2024.09.17	2581.70	2586.98	2560.76	2569.29	122265	0	30
2024.09.18	2568.30	2600.06	2546.86	2558.96	143278	0	30
2024.09.19	2557.52	2594.93	2551.14	2586.41	145934	0	30
2024.09.20	2586.05	2625.70	2584.91	2621.93	131264	0	21
2024.09.23	2620.60	2634.82	2613.81	2628.26	125402	0	30
2024.09.24	2627.32	2664.34	2622.57	2656.86	149196	0	30
2024.09.25	2657.34	2670.62	2649.79	2656.92	144053	0	30
2024.09.26	2656.56	2685.58	2654.77	2672.22	143092	0	30
2024.09.27	2671.52	2674.21	2642.81	2658.45	143538	0	22
2024.09.30	2657.12	2665.89	2624.41	2634.22	141317	0	30
2024.10.01	2633.18	2673.09	2632.08	2663.23	129440	0	30
2024.10.02	2661.90	2663.15	2640.91	2658.50	128200	0	30
2024.10.03	2658.14	2662.96	2637.34	2655.80	134867	0	30
2024.10.04	2655.92	2670.18	2631.82	2652.64	137028	0	21
2024.10.07	2650.36	2659.57	2637.55	2642.36	137442	0	30
2024.10.08	2641.99	2652.94	2604.59	2621.72	167008	0	30
2024.10.09	2620.34	2624.18	2604.95	2607.46	144919	0	30
2024.10.10	2607.12	2631.50	2605.70	2629.92	139727	0	30
2024.10.11	2629.80	2661.39	2628.08	2656.92	138697	0	23
2024.10.14	2655.15	2666.79	2643.13	2648.35	134061	0	30
2024.10.15	2645.99	2668.96	2637.85	2662.47	146146	0	30
2024.10.16	2661.97	2685.32	2658.76	2673.45	138086	0	30
2024.10.17	2673.74	2696.73	2673.15	2692.67	143561	0	30
2024.10.18	2691.90	2722.42	2691.62	2722.07	155045	0	29
2024.10.21	2720.34	2740.56	2714.03	2719.40	171629	0	30
2024.10.22	2718.75	2748.84	2718.08	2748.65	149575	0	30
2024.10.23	2747.64	2758.42	2708.50	2715.19	129057	0	30
2024.10.24	2714.17	2743.20	2714.17	2735.74	154773	0	30
2024.10.25	2735.31	2747.53	2716.87	2746.22	144774	0	25
2024.10.28	2733.97	2745.92	2724.73	2742.08	142252	0	30
2024.10.29	2740.13	2774.74	2739.70	2774.40	156285	0	30
2024.10.30	2773.13	2789.99	2770.85	2787.15	154575	0	30
2024.10.31	2786.78	2790.06	2731.41	2743.49	144824	0	30
2024.11.01	2743.14	2762.04	2732.96	2735.73	163401	0	30
2024.11.04	2735.50	2748.15	2729.36	2736.40	163735	0	30
2024.11.05	2735.64	2749.88	2724.54	2743.66	152616	0	30
2024.11.06	2743.02	2749.70	2652.26	2658.83	197955	0	30
2024.11.07	2658.78	2710.14	2643.23	2706.20	174608	0	30
2024.11.08	2705.58	2710.38	2680.10	2684.29	157664	0	25
2024.11.11	2683.48	2686.06	2610.38	2619.27	162568	0	30
2024.11.12	2618.47	2627.00	2589.52	2597.87	162815	0	30
2024.11.13	2597.31	2618.65	2572.08	2572.67	157197	0	30
2024.11.14	2572.00	2581.10	2536.55	2564.50	182525	0	30
2024.11.15	2564.38	2575.83	2554.54	2561.44	160339	0	26
2024.11.18	2562.20	2615.00	2562.15	2611.66	152400	0	30
2024.11.19	2611.30	2639.39	2610.21	2632.07	152223	0	30
2024.11.20	2631.76	2655.34	2618.70	2650.05	135713	0	30
2024.11.21	2649.43	2673.44	2648.81	2669.37	143994	0	30
2024.11.22	2669.25	2715.23	2668.22	2714.48	165280	0	2
2024.11.25	2715.00	2721.36	2615.35	2625.33	169365	0	30
2024.11.26	2624.37	2641.70	2604.93	2632.73	155998	0	30
2024.11.27	2630.62	2658.20	2626.87	2635.72	135786	0	30
2024.11.28	2634.69	2649.57	2620.92	2637.26	94668	0	30
2024.11.29	2636.72	2666.36	2633.99	2650.32	135355	0	30
2024.12.02	2651.57	2652.38	2621.83	2637.91	159069	0	30
2024.12.03	2638.35	2655.55	2634.12	2643.44	144484	0	30
2024.12.04	2642.65	2657.00	2632.20	2649.69	146219	0	30
2024.12.05	2649.22	2655.55	2623.28	2631.41	131810	0	30
2024.12.06	2631.36	2645.70	2612.13	2632.85	147950	0	30
2024.12.09	2643.63	2676.37	2627.52	2659.82	162368	0	30
2024.12.10	2660.53	2695.55	2657.93	2693.59	136703	0	30
2024.12.11	2692.89	2721.06	2674.47	2717.56	130598	0	30
2024.12.12	2717.57	2726.12	2674.90	2680.70	125247	0	30
2024.12.13	2680.25	2692.48	2645.92	2648.39	128002	0	26
2024.12.16	2649.60	2664.06	2643.31	2652.56	116330	0	30
2024.12.17	2652.65	2658.48	2632.82	2645.85	132177	0	30
2024.12.18	2645.10	2651.71	2583.61	2585.58	129595	0	30
2024.12.19	2585.15	2626.40	2582.41	2594.41	121744	0	30
2024.12.20	2593.88	2631.90	2589.44	2622.43	110597	0	25
2024.12.23	2621.94	2633.20	2607.92	2612.61	111944	0	30
2024.12.24	2611.33	2621.25	2609.98	2616.99	88494	0	30
2024.12.26	2620.40	2639.02	2612.88	2633.23	105496	0	0
2024.12.27	2631.94	2638.33	2611.65	2621.11	102921	0	25
2024.12.30	2620.01	2628.18	2596.02	2606.05	105781	0	30
2024.12.31	2605.39	2627.57	2602.59	2623.17	106649	0	30
2025.01.02	2625.44	2660.42	2621.69	2657.28	131869	0	30
2025.01.03	2657.46	2665.14	2636.69	2639.19	120038	0	23
2025.01.06	2639.19	2649.41	2614.28	2635.88	133664	0	30
2025.01.07	2635.21	2664.33	2632.90	2648.62	125463	0	30
2025.01.08	2648.00	2669.97	2645.27	2661.42	122898	0	30
2025.01.09	2661.41	2678.29	2655.48	2670.11	93677	0	30
2025.01.10	2670.29	2697.98	2663.83	2688.97	132983	0	21
2025.01.13	2689.64	2693.32	2656.59	2663.46	147945	0	30
2025.01.14	2662.59	2678.22	2659.65	2676.89	140828	0	30
2025.01.15	2677.50	2697.61	2669.40	2696.87	132915	0	30
2025.01.16	2695.80	2724.76	2690.03	2714.38	137962	0	30
2025.01.17	2713.88	2717.37	2699.25	2702.48	128803	0	21
2025.01.20	2702.08	2713.80	2689.25	2707.46	103257	0	30
2025.01.21	2706.01	2746.00	2702.72	2744.23	149035	0	30
2025.01.22	2744.08	2763.44	2741.99	2756.02	136851	0	30
2025.01.23	2755.75	2759.02	2735.77	2754.15	137308	0	30
2025.01.24	2753.74	2786.00	2753.52	2771.65	140364	0	24
2025.01.27	2770.11	2772.56	2730.27	2740.14	156031	0	30
2025.01.28	2739.18	2765.08	2734.44	2763.20	132865	0	30
2025.01.29	2762.36	2766.22	2744.75	2758.75	135170	0	30
2025.01.30	2759.41	2798.48	2758.08	2793.38	138822	0	30
2025.01.31	2794.16	2817.10	2791.06	2800.71	153239	0	21
2025.02.03	2800.77	2830.40	2772.20	2814.48	171598	0	30
2025.02.04	2813.89	2845.48	2807.23	2841.91	159916	0	30
2025.02.05	2842.22	2882.56	2839.60	2867.11	151053	0	30
2025.02.06	2866.15	2873.26	2834.01	2856.12	155223	0	30
2025.02.07	2855.07	2886.64	2852.24	2861.86	140416	0	24
2025.02.10	2857.98	2911.55	2856.48	2907.95	157987	0	30
2025.02.11	2907.19	2942.60	2881.66	2897.53	190799	0	30
2025.02.12	2896.46	2909.01	2863.63	2903.92	156543	0	30
2025.02.13	2903.96	2929.50	2900.32	2928.45	139741	0	30
2025.02.14	2926.53	2940.05	2876.82	2882.82	168799	0	25
2025.02.17	2883.32	2906.22	2877.88	2899.10	117052	0	30
2025.02.18	2900.00	2937.00	2891.75	2935.09	115911	0	30
2025.02.19	2933.83	2947.08	2918.64	2933.00	146198	0	26
2025.02.20	2932.35	2954.94	2924.16	2939.43	142228	0	30
2025.02.21	2938.61	2949.69	2916.67	2936.16	139940	0	22
2025.02.24	2934.81	2956.49	2921.33	2952.00	137526	0	30
2025.02.25	2951.83	2953.94	2888.09	2914.37	155544	0	30
2025.02.26	2914.26	2929.91	2890.49	2915.81	127276	0	26
2025.02.27	2915.50	2920.81	2867.66	2876.78	155424	0	30
2025.02.28	2877.62	2884.86	2832.51	2858.97	161435	0	21
2025.03.03	2856.39	2895.31	2855.37	2892.69	151104	0	30
2025.03.04	2891.09	2927.84	2881.99	2917.44	136343	0	30
2025.03.05	2917.15	2929.99	2894.16	2918.75	152055	0	30
2025.03.06	2917.90	2926.53	2891.12	2910.67	138277	0	30
2025.03.07	2911.50	2930.37	2895.28	2912.18	158554	0	0
2025.03.10	2911.00	2918.31	2880.02	2889.11	154579	0	30
2025.03.11	2888.26	2922.11	2880.20	2915.54	119413	0	30
2025.03.12	2913.97	2940.54	2906.14	2933.06	139375	0	30
2025.03.13	2932.82	2989.33	2932.82	2988.71	134978	0	30
2025.03.14	2988.73	3004.82	2978.46	2984.45	147347	0	30
2025.03.17	2984.19	3002.01	2982.10	3000.66	109781	0	30
2025.03.18	3000.30	3038.25	2999.51	3033.80	130469	0	30
2025.03.19	3033.47	3052.00	3022.82	3047.06	124005	0	30
2025.03.20	3046.97	3057.43	3025.43	3044.46	143903	0	30
2025.03.21	3044.21	3047.42	2999.36	3023.45	130515	0	30
2025.03.24	3020.76	3033.28	3002.49	3012.06	146228	0	30
2025.03.25	3010.72	3035.92	3007.44	3019.60	121429	0	30
2025.03.26	3019.10	3032.07	3012.23	3018.79	126312	0	30
2025.03.27	3018.04	3059.62	3017.44	3056.35	141294	0	30
2025.03.28	3055.89	3086.80	3054.20	3085.06	145158	0	26
2025.03.31	3085.53	3128.25	3076.83	3123.68	149876	0	30
2025.04.01	3122.75	3149.00	3100.62	3114.06	149789	0	30
2025.04.02	3113.38	3137.42	3104.75	3132.55	139819	0	30
2025.04.03	3139.45	3167.59	3053.98	3113.95	178096	0	30
2025.04.04	3114.36	3136.45	3015.71	3036.87	176875	0	21
2025.04.07	3016.04	3055.10	2956.07	2981.56	205299	0	26
2025.04.08	2981.80	3022.56	2974.58	2981.89	141057	0	30
2025.04.09	2983.22	3099.65	2970.00	3083.05	155522	0	30
2025.04.10	3083.57	3176.49	3071.48	3175.22	146690	0	30
2025.04.11	3175.67	3245.36	3175.63	3238.25	156625	0	28
2025.04.14	3229.89	3245.68	3193.67	3210.23	135624	0	30
2025.04.15	3211.25	3233.66	3210.11	3229.09	112072	0	30
2025.04.16	3230.98	3342.93	3229.99	3342.70	141410	0	30
2025.04.17	3343.21	3357.75	3283.67	3326.53	138760	0	30
2025.04.21	3332.98	3430.53	3328.92	3423.62	144655	0	30
2025.04.22	3424.06	3500.02	3366.65	3381.16	157589	0	30
2025.04.23	3323.30	3386.43	3259.98	3288.01	152795	0	30
2025.04.24	3288.38	3367.26	3288.26	3348.48	134949	0	30
2025.04.25	3350.22	3370.31	3265.03	3316.01	137552	0	28
2025.04.28	3324.74	3352.84	3268.16	3343.68	134237	0	30
2025.04.29	3344.44	3348.42	3299.73	3316.92	128792	0	30
2025.04.30	3314.31	3327.85	3266.98	3287.84	133204	0	30
2025.05.01	3287.50	3290.01	3201.81	3237.38	133780	0	30
2025.05.02	3238.77	3269.11	3222.65	3240.54	133244	0	28
2025.05.05	3238.45	3337.55	3237.37	3333.41	131568	0	30
2025.05.06	3336.30	3434.99	3323.52	3430.33	141938	0	30
2025.05.07	3439.00	3439.00	3360.20	3364.12	146805	0	30
2025.05.08	3365.95	3414.80	3288.62	3305.68	140481	0	30
2025.05.09	3304.52	3347.35	3274.55	3325.11	132472	0	28
2025.05.12	3273.03	3311.18	3207.58	3234.54	157505	0	30
2025.05.13	3236.01	3265.43	3215.80	3249.93	128267	0	30
2025.05.14	3249.31	3256.90	3167.91	3177.14	137559	0	30
2025.05.15	3177.54	3240.58	3120.47	3239.65	135657	0	30
2025.05.16	3239.41	3252.16	3154.18	3200.69	132693	0	28
2025.05.19	3219.19	3249.56	3206.52	3229.91	126916	0	30
2025.05.20	3229.50	3295.70	3204.41	3289.61	128624	0	30
2025.05.21	3289.84	3324.67	3285.39	3315.09	137578	0	30
2025.05.22	3319.27	3345.23	3279.16	3294.45	137840	0	30
2025.05.23	3294.58	3365.68	3286.93	3359.79	161686	0	28
2025.05.26	3355.89	3356.60	3323.36	3342.03	110963	0	31
2025.05.27	3342.50	3349.75	3285.09	3300.27	155520	0	28
2025.05.28	3301.00	3325.29	3276.57	3287.89	150293	0	30
2025.05.29	3286.98	3330.81	3245.31	3317.64	169149	0	30
2025.05.30	3317.51	3322.74	3271.57	3290.85	151883	0	26
2025.06.02	3298.40	3382.93	3295.86	3381.43	152849	0	30
2025.06.03	3384.07	3392.25	3332.93	3353.00	150604	0	26
2025.06.04	3353.10	3384.44	3343.55	3371.68	141579	0	30
2025.06.05	3374.24	3403.46	3339.24	3352.49	154031	0	30
2025.06.06	3353.50	3375.40	3306.89	3311.72	151955	0	26
2025.06.09	3311.98	3337.99	3293.36	3325.40	144781	0	30
2025.06.10	3324.62	3348.89	3301.74	3322.19	143709	0	30
2025.06.11	3323.28	3360.50	3315.36	3354.75	146907	0	30
2025.06.12	3357.52	3398.84	3338.52	3386.42	156966	0	30
2025.06.13	3385.18	3446.61	3379.52	3432.38	167399	0	26
2025.06.16	3451.68	3452.70	3382.64	3384.69	154385	0	30
2025.06.17	3385.19	3403.06	3365.99	3388.26	146722	0	30
2025.06.18	3390.24	3399.81	3362.40	3368.85	140253	0	30
2025.06.19	3369.94	3387.77	3347.41	3370.45	116934	0	30
2025.06.20	3368.78	3374.31	3340.16	3368.51	125763	0	26
2025.06.23	3391.19	3396.20	3346.89	3368.82	145303	0	30
2025.06.24	3367.67	3369.82	3295.26	3322.34	148091	0	30
2025.06.25	3324.59	3336.87	3311.77	3331.72	116631	0	30
2025.06.26	3334.36	3350.08	3309.79	3327.63	126661	0	29
2025.06.27	3326.96	3328.08	3255.62	3274.27	147243	0	26
2025.06.30	3271.55	3309.19	3248.12	3302.34	134065	0	31
2025.07.01	3303.93	3357.68	3302.19	3338.74	137242	0	31
2025.07.02	3338.84	3360.03	3327.60	3356.68	129248	0	35
2025.07.03	3357.42	3365.75	3311.38	3325.68	121923	0	35
2025.07.04	3326.82	3344.87	3323.39	3334.77	85411	0	35
2025.07.07	3333.49	3342.58	3296.26	3336.19	146821	0	26
2025.07.08	3338.26	3345.59	3286.87	3301.44	134175	0	26
2025.07.09	3302.19	3316.61	3282.51	3313.21	128834	0	26
2025.07.10	3314.19	3330.05	3309.90	3323.90	122060	0	26
2025.07.11	3323.41	3368.58	3321.60	3357.10	150138	0	26
2025.07.14	3363.97	3374.95	3340.89	3343.20	157848	0	26
2025.07.15	3344.20	3366.16	3320.00	3324.74	128708	0	26
2025.07.16	3324.20	3377.33	3319.42	3347.22	136020	0	26
2025.07.17	3347.49	3352.01	3309.70	3338.95	128401	0	26
2025.07.18	3341.00	3361.26	3331.79	3350.65	116976	0	26
2025.07.21	3349.38	3401.54	3344.82	3396.93	132170	0	26
2025.07.22	3396.39	3433.53	3383.26	3431.53	136380	0	26
2025.07.23	3432.62	3438.84	3381.22	3386.97	142499	0	26
2025.07.24	3387.99	3393.17	3351.20	3368.49	122053	0	26
2025.07.25	3368.88	3373.41	3324.79	3336.30	107840	0	26
2025.07.28	3317.03	3345.02	3301.57	3314.32	118074	0	26
2025.07.29	3314.66	3333.92	3307.54	3326.20	120340	0	26
2025.07.30	3326.70	3333.82	3268.02	3274.89	125415	0	26
2025.07.31	3275.31	3314.60	3273.79	3289.87	130824	0	26
2025.08.01	3289.90	3363.42	3281.36	3363.18	130322	0	26
2025.08.04	3363.89	3385.33	3345.07	3373.28	121392	0	26
2025.08.05	3374.74	3390.19	3349.97	3380.52	107949	0	26
2025.08.06	3380.21	3385.35	3358.21	3369.21	109817	0	26
2025.08.07	3368.05	3401.82	3365.13	3395.73	170334	0	26
2025.08.08	3404.26	3408.90	3377.25	3397.02	214293	0	26
2025.08.11	3397.62	3405.21	3341.18	3342.49	162813	0	26
2025.08.12	3343.67	3358.90	3330.87	3347.86	131155	0	26
2025.08.13	3347.42	3370.76	3342.53	3355.79	110224	0	26
2025.08.14	3357.06	3375.04	3329.64	3335.22	126559	0	26
2025.08.15	3337.19	3348.50	3332.03	3335.81	108156	0	26
2025.08.18	3336.15	3358.20	3323.40	3332.62	111385	0	26
2025.08.19	3332.80	3345.06	3314.69	3315.39	111385	0	26
2025.08.20	3315.81	3350.22	3311.33	3348.18	112154	0	26
2025.08.21	3350.47	3352.10	3325.13	3338.48	105409	0	26
2025.08.22	3338.50	3378.83	3321.23	3371.91	113136	0	26
2025.08.25	3370.52	3376.22	3359.83	3365.59	91535	0	26
2025.08.26	3365.73	3393.54	3351.34	3393.52	137021	0	26
2025.08.27	3392.78	3398.85	3373.80	3396.91	126534	0	26
2025.08.28	3398.97	3423.18	3384.61	3416.79	144151	0	26
2025.08.29	3417.63	3453.87	3404.16	3448.22	150056	0	26
2025.09.01	3449.01	3489.88	3437.14	3476.38	150330	0	26
2025.09.02	3477.68	3540.19	3470.08	3533.47	194292	0	26
2025.09.03	3533.32	3578.47	3526.36	3559.04	187961	0	26
2025.09.04	3560.62	3564.26	3511.48	3545.63	186038	0	26
2025.09.05	3546.17	3600.10	3539.81	3587.22	173384	0	26
2025.09.08	3581.27	3646.35	3578.53	3635.65	190138	0	26
2025.09.09	3635.55	3674.35	3625.59	3625.74	188046	0	26
2025.09.10	3619.90	3657.57	3618.89	3640.66	174416	0	26
2025.09.11	3642.09	3649.11	3612.84	3633.82	161619	0	26
2025.09.12	3633.42	3656.64	3630.57	3643.36	154499	0	26
2025.09.15	3642.45	3685.58	3626.70	3678.90	167722	0	26
2025.09.16	3679.43	3703.15	3674.70	3689.61	174471	0	26
2025.09.17	3689.51	3707.45	3646.12	3659.96	199230	0	26
2025.09.18	3660.05	3672.90	3627.58	3643.96	183941	0	26
2025.09.19	3643.26	3685.20	3631.97	3685.06	164893	0	26
2025.09.22	3685.92	3748.75	3683.70	3746.58	172005	0	26
2025.09.23	3746.18	3791.13	3737.00	3763.94	193694	0	26
2025.09.24	3765.70	3779.02	3717.35	3735.78	179906	0	26
2025.09.25	3736.77	3761.50	3721.67	3749.02	181426	0	26
2025.09.26	3749.81	3783.84	3734.60	3761.42	171246	0	26
2025.09.29	3758.81	3834.02	3756.35	3833.68	208370	0	26
2025.09.30	3833.86	3871.47	3792.98	3858.11	197310	0	26
2025.10.01	3858.97	3895.23	3853.16	3865.08	185010	0	26
2025.10.02	3865.93	3896.64	3819.10	3856.28	171801	0	26
2025.10.03	3855.14	3891.38	3837.93	3886.33	172304	0	26
2025.10.06	3887.51	3969.67	3883.91	3960.52	203013	0	26
2025.10.07	3960.25	3990.80	3940.73	3984.24	201003	0	26
2025.10.08	3984.25	4059.05	3982.88	4040.81	199714	0	26
2025.10.09	4040.21	4057.75	3944.27	3975.97	224564	0	26
2025.10.10	3974.02	4022.30	3946.63	4018.47	222324	0	26
2025.10.13	3999.31	4116.81	3998.87	4110.47	207952	0	26
2025.10.14	4110.84	4179.47	4090.44	4142.01	230337	0	26
2025.10.15	4143.96	4217.92	4140.40	4207.92	207263	0	26
2025.10.16	4208.53	4330.39	4199.47	4325.84	213921	0	26
2025.10.17	4328.98	4379.25	4186.25	4246.81	254958	0	26
2025.10.20	4246.45	4381.57	4218.85	4355.71	237373	0	26
2025.10.21	4354.46	4375.43	4080.37	4124.49	249041	0	26
2025.10.22	4125.42	4161.06	4004.04	4098.23	241448	0	26
2025.10.23	4095.42	4154.45	4065.76	4125.83	229653	0	26
2025.10.24	4127.80	4143.97	4043.96	4113.00	216506	0	26
2025.10.27	4102.31	4109.05	3971.08	3981.24	239620	0	26
2025.10.28	3984.46	4019.60	3886.39	3952.32	226486	0	26
2025.10.29	3954.90	4030.05	3915.71	3929.63	234236	0	26
2025.10.30	3930.42	4027.18	3914.89	4024.12	226782	0	26
2025.10.31	4023.09	4045.60	3972.48	4001.83	241899	0	26
2025.11.03	3981.05	4030.63	3962.43	4000.99	217020	0	26
2025.11.04	4001.57	4005.93	3928.55	3931.51	210961	0	26
2025.11.05	3931.84	3990.35	3928.76	3978.94	195999	0	26
2025.11.06	3979.44	4019.57	3964.71	3976.57	199306	0	26
2025.11.07	3976.15	4027.56	3973.98	4001.22	180503	0	26
2025.11.10	4000.51	4116.48	3997.64	4115.53	203657	0	26
2025.11.11	4115.26	4148.52	4096.92	4126.01	200128	0	26
2025.11.12	4126.50	4211.71	4098.80	4195.22	229178	0	26
2025.11.13	4201.80	4245.24	4145.12	4170.81	233685	0	26
2025.11.14	4171.12	4211.08	4031.88	4084.89	230110	0	26
2025.11.17	4086.11	4106.62	4006.81	4045.10	221127	0	26
2025.11.18	4044.02	4082.00	3997.96	4067.31	219235	0	26
2025.11.19	4067.97	4132.33	4055.49	4077.65	216752	0	26
2025.11.20	4079.44	4110.23	4038.35	4077.13	229510	0	26
2025.11.21	4076.16	4101.09	4021.99	4065.73	226282	0	26
2025.11.24	4071.69	4139.76	4039.46	4134.25	208008	0	26
2025.11.25	4133.37	4159.15	4108.72	4130.16	221902	0	26
2025.11.26	4131.46	4173.26	4129.36	4163.74	142906	0	26
2025.11.27	4165.30	4168.55	4142.64	4156.24	78102	0	30
2025.11.28	4160.28	4225.99	4153.79	4218.55	51466	0	27
2025.12.01	4222.54	4264.54	4205.78	4232.10	133188	0	25
2025.12.02	4231.64	4235.82	4163.70	4205.60	120092	0	30
2025.12.03	4208.87	4241.42	4194.53	4203.05	118820	0	30
2025.12.04	4204.01	4219.42	4175.25	4208.64	122740	0	30
2025.12.05	4208.19	4259.16	4191.95	4195.97	114874	0	30
2025.12.08	4198.88	4218.88	4176.39	4190.52	113683	0	30
2025.12.09	4190.93	4221.13	4169.98	4208.13	120317	0	30
2025.12.10	4209.68	4238.55	4181.90	4228.40	116966	0	28
2025.12.11	4228.67	4285.84	4204.23	4279.65	118433	0	30
2025.12.12	4281.72	4353.35	4257.71	4300.29	124981	0	30
2025.12.15	4300.21	4350.17	4285.33	4305.01	121250	0	30
2025.12.16	4305.91	4334.89	4271.67	4302.28	122735	0	30
2025.12.17	4302.67	4348.76	4301.50	4338.22	124276	0	30
2025.12.18	4339.96	4374.41	4308.69	4332.60	121135	0	30
2025.12.19	4333.96	4356.45	4309.18	4338.51	107909	0	30
2025.12.22	4339.74	4448.97	4337.94	4443.62	107972	0	30
2025.12.23	4447.45	4499.73	4430.58	4484.57	117588	0	30
2025.12.24	4487.25	4525.66	4448.31	4480.53	103299	0	30
2025.12.26	4495.17	4549.86	4469.38	4531.87	124356	0	26
2025.12.29	4539.30	4549.55	4303.02	4331.84	138727	0	32
2025.12.30	4333.38	4404.18	4323.60	4338.55	130334	0	36
2025.12.31	4340.50	4373.20	4274.24	4313.14	126162	0	32
2026.01.02	4325.40	4402.17	4309.89	4332.89	120797	0	36
2026.01.05	4353.81	4455.58	4344.94	4448.86	130729	0	32
2026.01.06	4449.14	4497.20	4427.89	4494.62	124721	0	32
2026.01.07	4495.38	4500.42	4423.44	4456.33	126083	0	32
2026.01.08	4455.78	4479.38	4407.74	4477.34	128421	0	32
2026.01.09	4479.71	4517.01	4452.80	4509.81	117021	0	32
2026.01.12	4520.67	4630.09	4513.13	4597.31	131129	0	32
2026.01.13	4596.41	4634.57	4569.80	4586.42	126067	0	32
2026.01.14	4589.40	4642.71	4587.49	4626.35	133243	0	32
2026.01.15	4630.20	4632.51	4581.04	4615.76	133800	0	32
2026.01.16	4618.68	4620.55	4536.74	4595.46	123236	0	32
2026.01.19	4629.18	4690.36	4619.61	4670.68	93243	0	32
2026.01.20	4671.98	4766.17	4659.47	4763.36	123666	0	32
2026.01.21	4762.12	4888.25	4755.88	4831.05	139494	0	37
2026.01.22	4835.16	4940.55	4772.34	4936.21	129091	0	37
2026.01.23	4939.08	4989.69	4899.76	4986.07	126712	0	37
2026.01.26	5012.68	5110.94	4990.04	5008.04	154954	0	37
2026.01.27	5013.71	5190.25	5012.77	5181.10	153646	0	37
2026.01.28	5179.76	5418.96	5157.21	5417.39	158245	0	37
2026.01.29	5420.49	5596.58	5101.72	5370.52	171415	0	40
2026.01.30	5388.79	5450.97	4692.11	4883.85	169254	0	40
2026.02.02	4779.68	4884.44	4403.25	4660.83	176828	0	59
2026.02.03	4673.23	4993.61	4666.32	4946.81	162623	0	40
2026.02.04	4945.42	5091.67	4851.72	4964.76	146884	0	40
2026.02.05	4975.58	5023.56	4759.64	4779.40	162463	0	40
2026.02.06	4786.88	4971.14	4655.08	4964.08	138926	0	40
2026.02.09	4980.95	5086.26	4965.03	5058.26	131143	0	40
2026.02.10	5059.18	5078.45	4987.85	5025.29	124397	0	40
2026.02.11	5026.04	5119.17	5019.64	5084.42	118947	0	40
2026.02.12	5084.94	5099.73	4878.56	4921.73	119021	0	40
2026.02.13	4923.60	5045.95	4887.04	5043.08	120925	0	40
2026.02.16	5036.98	5050.56	4966.34	4993.31	79420	0	40
2026.02.17	4994.97	5000.33	4843.12	4877.34	116569	0	40
2026.02.18	4869.14	5010.89	4854.05	4977.31	96108	0	38
2026.02.19	4978.14	5022.02	4960.70	4996.06	94450	0	39
2026.02.20	4999.02	5106.88	4981.64	5103.62	101124	0	39
2026.02.23	5106.92	5237.50	5098.86	5227.35	115052	0	32
2026.02.24	5227.28	5249.61	5094.16	5143.67	119219	0	38
2026.02.25	5142.64	5217.34	5122.68	5164.75	112123	0	38
2026.02.26	5164.69	5205.11	5130.50	5184.97	115805	0	32
2026.02.27	5184.92	5281.05	5166.75	5280.29	113705	0	37
2026.03.02	5315.99	5418.90	5260.64	5321.81	143318	0	37
2026.03.03	5331.13	5379.65	4996.85	5088.17	150906	0	49
2026.03.04	5109.46	5206.01	5084.62	5141.09	138614	0	41
2026.03.05	5150.22	5194.79	5051.10	5080.83	132597	0	39
2026.03.06	5084.03	5174.34	5062.72	5171.24	127392	0	39
2026.03.09	5190.98	5191.87	5014.96	5136.56	144304	0	39
2026.03.10	5148.85	5238.46	5117.33	5192.62	129573	0	39
2026.03.11	5190.03	5222.93	5149.69	5175.77	115117	0	41
2026.03.12	5182.11	5191.43	5055.10	5078.82	123356	0	41
2026.03.13	5075.61	5128.30	5009.43	5021.46	123574	0	41
2026.03.16	5011.61	5037.59	4967.82	5006.06	132688	0	41
2026.03.17	5010.67	5044.31	4973.43	5005.39	112829	0	39
2026.03.18	5005.32	5016.12	4806.75	4818.56	123457	0	35
2026.03.19	4829.49	4866.96	4502.22	4650.20	151341	0	35
2026.03.20	4658.65	4735.65	4477.35	4497.38	150377	0	43
2026.03.23	4488.23	4536.11	4098.94	4406.34	175381	0	43
2026.03.24	4417.85	4483.96	4305.97	4473.98	167950	0	43
2026.03.25	4476.46	4602.13	4455.75	4506.30	147416	0	43
2026.03.26	4517.74	4543.77	4351.11	4378.21	152870	0	38
2026.03.27	4385.15	4554.98	4375.56	4495.17	135385	0	38
2026.03.30	4486.22	4580.41	4419.56	4510.86	145366	0	38
2026.03.31	4514.61	4686.88	4482.61	4666.84	145940	0	38
2026.04.01	4681.54	4792.97	4661.84	4758.04	135710	0	38
2026.04.02	4758.57	4800.43	4553.61	4675.95	146170	0	38
2026.04.06	4633.17	4706.29	4600.80	4650.34	121851	0	38
2026.04.07	4658.63	4718.46	4607.48	4705.35	130835	0	35
2026.04.08	4747.10	4854.40	4699.85	4719.11	128182	0	35
2026.04.09	4728.41	4800.91	4698.78	4765.37	113203	0	35
2026.04.10	4776.09	4794.85	4730.72	4748.48	105844	0	35
2026.04.13	4670.07	4749.86	4644.33	4740.03	106907	0	35
2026.04.14	4751.74	4846.29	4745.56	4841.70	99209	0	35
2026.04.15	4840.22	4871.36	4786.22	4790.54	104720	0	35
2026.04.16	4797.20	4837.99	4772.95	4790.54	100020	0	35
2026.04.17	4794.57	4889.39	4767.46	4833.86	100408	0	35
2026.04.20	4764.24	4827.55	4736.88	4820.47	113209	0	35
2026.04.21	4824.41	4832.78	4668.36	4719.89	118141	0	35
2026.04.22	4722.15	4771.88	4715.41	4739.96	106131	0	35
2026.04.23	4745.49	4753.63	4664.15	4694.02	125331	0	35
2026.04.24	4699.15	4740.06	4657.62	4707.98	118241	0	35
2026.04.27	4692.80	4729.82	4667.00	4681.61	109477	0	35
2026.04.28	4684.00	4701.03	4554.77	4596.93	118406	0	35
2026.04.29	4599.85	4609.90	4510.05	4543.32	119839	0	35
2026.04.30	4544.16	4646.78	4539.15	4621.72	120425	0	35
2026.05.01	4628.34	4659.96	4560.18	4616.26	104290	0	35
2026.05.04	4620.28	4629.11	4500.60	4523.61	116938	0	35
2026.05.05	4523.33	4586.36	4513.40	4557.46	99079	0	35
2026.05.06	4558.34	4722.92	4546.32	4690.91	118970	0	35
2026.05.07	4696.68	4764.51	4685.13	4686.97	121336	0	35
2026.05.08	4687.00	4749.14	4681.54	4715.20	113402	0	35
2026.05.11	4697.68	4748.52	4647.91	4734.73	114075	0	35
2026.05.12	4740.28	4773.32	4638.50	4715.09	117624	0	35
2026.05.13	4715.04	4726.27	4669.25	4688.63	111822	0	35
2026.05.14	4692.85	4718.35	4644.23	4652.13	113546	0	35
2026.05.15	4649.58	4665.04	4511.58	4538.16	131211	0	35
2026.05.18	4531.77	4583.98	4480.40	4565.95	131283	0	35
2026.05.19	4569.08	4589.06	4464.84	4481.81	119388	0	35
2026.05.20	4481.62	4552.31	4453.46	4543.53	121414	0	35
2026.05.21	4546.76	4570.45	4488.56	4543.00	121334	0	35
2026.05.22	4541.70	4545.78	4490.96	4506.98	107802	0	35
2026.05.25	4543.23	4579.69	4542.18	4570.41	80408	0	35
2026.05.26	4572.16	4580.16	4482.44	4507.36	107251	0	32
2026.05.27	4512.45	4527.61	4401.29	4456.05	106002	0	33
2026.05.28	4463.43	4516.52	4366.61	4495.69	114935	0	33
2026.05.29	4499.37	4595.24	4489.09	4539.63	105325	0	33
2026.06.01	4522.18	4545.69	4447.54	4484.59	102834	0	33
2026.06.02	4486.01	4541.46	4462.84	4487.71	98656	0	33
2026.06.03	4491.91	4496.43	4426.28	4434.23	106956	0	33
2026.06.04	4436.86	4515.08	4423.93	4475.13	107341	0	33
2026.06.05	4474.02	4481.21	4311.61	4327.54	119962	0	33
2026.06.08	4328.80	4353.12	4268.60	4329.62	128856	0	33
2026.06.09	4330.50	4363.19	4236.64	4259.23	116025	0	33
2026.06.10	4255.71	4257.24	4066.93	4071.18	136512	0	33
2026.06.11	4070.56	4219.76	4023.77	4210.59	137594	0	33
2026.06.12	4218.91	4246.42	4170.10	4216.82	125907	0	33
2026.06.15	4267.80	4369.10	4265.45	4309.14	110578	0	33
2026.06.16	4311.06	4354.87	4305.74	4331.24	106313	0	33
2026.06.17	4334.17	4382.18	4218.79	4257.57	109891	0	33
2026.06.18	4256.40	4329.63	4201.53	4208.92	121846	0	33
2026.06.19	4212.57	4213.22	4121.66	4155.37	87788	0	33
2026.06.22	4148.74	4220.25	4136.41	4191.16	115397	0	33
2026.06.23	4191.95	4198.04	4090.80	4110.04	119734	0	33
2026.06.24	4112.98	4114.89	3959.14	3998.97	133382	0	33
2026.06.25	4006.65	4044.01	3963.56	4026.47	126739	0	33
2026.06.26	4028.67	4095.92	3982.90	4080.88	119863	0	33
2026.06.29	4079.36	4085.94	4000.56	4016.44	113797	0	33
2026.06.30	4018.43	4063.33	3943.54	4007.31	112313	0	33
2026.07.01	4013.12	4115.71	3960.04	4030.91	114853	0	33
2026.07.02	4033.83	4143.58	4030.54	4123.56	117907	0	0
2026.07.03	4126.14	4195.15	4121.03	4174.71	81376	0	33
2026.07.06	4178.47	4202.34	4128.31	4164.76	107009	0	33
2026.07.07	4166.29	4180.42	4092.11	4105.70	110149	0	33
2026.07.08	4094.83	4133.73	4021.57	4077.23	127262	0	33
2026.07.09	4077.62	4137.99	4054.07	4123.67	107175	0	33
2026.07.10	4124.85	4134.75	4072.31	4119.05	97534	0	33
2026.07.13	4097.95	4102.85	3986.41	4000.68	121341	0	33
2026.07.14	4005.43	4100.72	3983.78	4052.59	116487	0	33
2026.07.15	4052.10	4081.26	4017.24	4060.40	111424	0	33
2026.07.16	4064.60	4065.47	3969.24	3976.19	114487	0	33
2026.07.17	3977.74	4023.71	3959.46	4016.41	119114	0	33
2026.07.20	4001.71	4040.29	3982.50	4007.36	111540	0	33
2026.07.21	4009.23	4086.29	3999.57	4077.70	103427	0	33
2026.07.22	4080.01	4166.02	4076.77	4129.73	110369	0	33
2026.07.23	4117.59	4140.76	4040.01	4049.17	116445	0	33
2026.07.24	4048.41	4081.83	4021.84	4053.16	101194	0	32
2026.07.27	4091.30	4115.87	4065.21	4076.39	108212	0	33
2026.07.28	4081.63	4081.66	4011.15	4028.36	109423	0	33
2026.07.29	4027.80	4116.23	3995.77	4066.04	116835	0	32
2026.07.30	4071.59	4120.03	4028.23	4103.47	125993	0	32
2026.07.31	4105.49	4111.47	4020.91	4046.49	105504	0	32
2026.08.03	4074.92	4079.48	4018.90	4055.09	104839	0	33
2026.08.04	4054.05	4105.82	4042.37	4077.14	99513	0	32
2026.08.05	4078.57	4267.58	4065.31	4246.91	113531	0	33
2026.08.06	4250.65	4304.03	4223.28	4240.41	114784	0	32
2026.08.07	4239.17	4371.52	4229.48	4341.30	115984	0	32
2026.08.10	4349.20	4395.16	4313.25	4390.32	107241	0	32
2026.08.11	4390.03	4435.07	4356.58	4368.02	112056	0	32
2026.08.12	4371.89	4440.83	4362.34	4408.32	108741	0	32
2026.08.13	4409.78	4449.43	4343.81	4350.92	111436	0	32
2026.08.14	4353.17	4396.92	4310.33	4376.00	102886	0	32
2026.08.17	4379.93	4428.86	4367.18	4416.64	105774	0	32
2026.08.18	4418.09	4436.07	4329.18	4334.27	108393	0	32
2026.08.19	4336.75	4524.26	4324.68	4522.93	118621	0	32
2026.08.20	4525.52	4540.64	4450.47	4519.02	120107	0	32
2026.08.21	4520.54	4632.19	4508.64	4604.52	117547	0	32
2026.08.24	4624.56	4680.57	4595.04	4651.62	128183	0	32
2026.08.25	4655.28	4696.45	4605.20	4658.58	122236	0	32
2026.08.26	4660.21	4673.49	4582.98	4594.40	114729	0	32
2026.08.27	4605.05	4642.86	4565.79	4601.54	116004	0	32
2026.08.28	4607.44	4631.90	4445.34	4454.27	121039	0	32
2026.08.31	4437.58	4471.76	4396.30	4448.91	120026	0	32
2026.09.01	4449.96	4461.24	4322.85	4327.98	122742	0	32
2026.09.02	4334.10	4397.53	4282.40	4387.86	122086	0	32
2026.09.03	4391.06	4510.58	4380.98	4472.88	120213	0	32
2026.09.04	4474.32	4490.48	4365.49	4430.80	110508	0	32
2026.09.07	4422.33	4434.95	4380.97	4406.01	86627	0	13
2026.09.08	4413.41	4442.74	4345.71	4355.18	111778	0	32
2026.09.09	4354.98	4433.87	4341.18	4401.45	106973	0	32
2026.09.10	4404.47	4434.01	4313.60	4316.35	116307	0	32
2026.09.11	4322.27	4402.29	4292.11	4348.32	117218	0	32
2026.09.14	4336.49	4355.06	4253.43	4298.51	114445	0	32
2026.09.15	4299.91	4317.17	4261.17	4293.90	109021	0	32
2026.09.16	4295.50	4366.92	4235.07	4263.87	113287	0	32
2026.09.17	4262.46	4381.06	4257.37	4341.63	115312	0	32
2026.09.18	4344.31	4399.53	4334.35	4378.12	110349	0	32
2026.09.21	4375.96	4383.13	4322.54	4343.36	110124	0	32
2026.09.22	4348.27	4375.85	4291.34	4358.20	120255	0	32
2026.09.23	4360.99	4369.04	4274.66	4287.06	108920	0	32
2026.09.24	4289.99	4302.89	4244.07	4273.63	121689	0	32
2026.09.25	4274.15	4315.59	4254.37	4284.88	124028	0	32
2026.09.28	4268.98	4275.04	4110.69	4114.78	141010	0	32
2026.09.29	4116.31	4185.08	4113.26	4181.88	128080	0	32
